Epoch,IoU,F1,Fbeta,Precision,Recall,Accuracy,Training_loss,Validation_loss,Train_Jaccard_Loss,Train_Tversky_Loss,Train_Focal_Loss,Train_Lovasz_Loss,Eval_Jaccard_Loss,Eval_Tversky_Loss,Eval_Focal_Loss,Eval_Lovasz_Loss
0,0.2855607867240906,0.4523886740207672,0.3976522386074066,0.28874459862709045,0.972905695438385,0.41543999314308167,0.46311045438051224,0.4865601062774658,0.6200795248150826,0.46311045438051224,0.3031272403895855,1.2216466963291168,0.6223598718643188,0.4710686057806015,0.2261308655142784,0.9766177833080292
1,0.0,0.0,0.0,0.0,0.0,0.7411627173423767,0.3513897620141506,0.45315635204315186,0.5028091594576836,0.3513897620141506,0.18979192711412907,0.8287929892539978,0.6120457649230957,0.4628031402826309,0.2198728621006012,0.9378252029418945
2,0.01785714365541935,0.0,0.01785714365541935,0.133928582072258,0.0,0.7459213137626648,0.29678282141685486,0.45327727496623993,0.4398466497659683,0.29678282141685486,0.1669000405818224,0.6650377288460732,0.6069627106189728,0.4599265307188034,0.20760462433099747,0.8991471529006958
3,0.0357142873108387,0.0,0.0357142873108387,0.9955357313156128,0.0,0.7513437867164612,0.2559765428304672,0.4676037132740021,0.3920259289443493,0.2559765428304672,0.16862164344638586,0.5915615744888783,0.606555163860321,0.4604005366563797,0.19703957438468933,0.8777509033679962
4,0.0446428582072258,0.0,0.0446428582072258,0.9955357313156128,0.0,0.750942051410675,0.21215246990323067,0.4869458079338074,0.33743535727262497,0.21215246990323067,0.15748527459800243,0.5219731219112873,0.6066333055496216,0.46109509468078613,0.19128908216953278,0.863616555929184
5,0.0357142873108387,0.0,0.0357142873108387,1.0,0.0,0.7511199116706848,0.17768190428614616,0.5035466253757477,0.2918443866074085,0.17768190428614616,0.14750108495354652,0.4698781482875347,0.606855720281601,0.4617658704519272,0.1879892349243164,0.8548246920108795
6,0.0625,0.0,0.0625,1.0,0.0,0.7509620189666748,0.1598246991634369,0.507643848657608,0.2683750167489052,0.1598246991634369,0.13248424511402845,0.4326024800539017,0.6069791615009308,0.4619443714618683,0.18754347413778305,0.8539727032184601
7,0.0357142873108387,0.0,0.0357142873108387,1.0,0.0,0.7512280344963074,0.15608752146363258,0.512336790561676,0.2627306915819645,0.15608752146363258,0.1352477166801691,0.43382612243294716,0.60710608959198,0.4622340202331543,0.1873684674501419,0.8530173301696777
8,0.0535714328289032,0.0,0.0535714328289032,1.0,0.0,0.7509620189666748,0.15395458042621613,0.5148268043994904,0.2603772059082985,0.15395458042621613,0.1478620721027255,0.46382108703255653,0.6070958971977234,0.46224382519721985,0.18722718954086304,0.8524374663829803
9,0.0535714328289032,0.0,0.0535714328289032,1.0,0.0,0.7509620189666748,0.14456948265433311,0.5143163800239563,0.2458183728158474,0.14456948265433311,0.12077712640166283,0.38588105514645576,0.607027679681778,0.46215617656707764,0.18697508424520493,0.8520048260688782
10,0.0357142873108387,0.0,0.0357142873108387,1.0,0.0,0.7513353228569031,0.14237679913640022,0.5147973299026489,0.24283044785261154,0.14237679913640022,0.11183064989745617,0.36614061146974564,0.6070390343666077,0.46224822103977203,0.1869306042790413,0.8516507148742676
11,0.0491071455180645,0.0,0.0491071455180645,1.0,0.0,0.7509620189666748,0.14739153906702995,0.5168980360031128,0.25089213997125626,0.14739153906702995,0.13031960371881723,0.41861681640148163,0.6070411801338196,0.4622519016265869,0.18707215040922165,0.8515956699848175
12,0.0714285746216774,0.0,0.0714285746216774,1.0,0.0,0.7509620189666748,0.13914258033037186,0.5172891914844513,0.2384890615940094,0.13914258033037186,0.10906810592859983,0.3588208518922329,0.6070160865783691,0.4622424840927124,0.18704621493816376,0.8512961268424988
13,0.0357142873108387,0.0,0.0357142873108387,1.0,0.0,0.7510984539985657,0.13844626024365425,0.5172350406646729,0.2375272512435913,0.13844626024365425,0.10842746496200562,0.3564964197576046,0.6070416569709778,0.462285116314888,0.18702789396047592,0.8513952493667603
14,0.0357142873108387,0.0,0.0357142873108387,1.0,0.0,0.7513782382011414,0.14264969527721405,0.5180071890354156,0.2430834211409092,0.14264969527721405,0.1169567285105586,0.3772602528333664,0.6070556640625,0.4623706340789795,0.18697845190763474,0.8509908318519592
15,0.0491071455180645,0.0,0.0491071455180645,1.0,0.0,0.7509620189666748,0.14653290808200836,0.5186946094036102,0.2493002526462078,0.14653290808200836,0.12487504631280899,0.40481602400541306,0.6070520877838135,0.46231430768966675,0.18707311898469925,0.8512913286685944
16,0.0535714328289032,0.0,0.0535714328289032,1.0,0.0,0.7509620189666748,0.14510716125369072,0.5183825492858887,0.24738381057977676,0.14510716125369072,0.11849279329180717,0.391047827899456,0.6070468723773956,0.4623020887374878,0.18707729130983353,0.8513835668563843
17,0.0223214291036129,0.0,0.0223214291036129,1.0,0.0,0.7509620189666748,0.14654777571558952,0.5184806883335114,0.250026673078537,0.14654777571558952,0.13066811300814152,0.42207491397857666,0.6070286929607391,0.46229054033756256,0.18705685436725616,0.8512054979801178
18,0.0357142873108387,0.0,0.0357142873108387,1.0,0.0,0.7510985136032104,0.14158765599131584,0.5176106989383698,0.24248379841446877,0.14158765599131584,0.1175086498260498,0.3854098878800869,0.6069732308387756,0.4622422903776169,0.1869640126824379,0.8508966267108917
19,0.0223214291036129,0.0,0.0223214291036129,1.0,0.0,0.7510256171226501,0.14390793442726135,0.5169826447963715,0.24572045356035233,0.14390793442726135,0.12176444008946419,0.39640888199210167,0.6068603098392487,0.4621136784553528,0.18679767102003098,0.8503037095069885
20,0.0446428582072258,0.0,0.0446428582072258,1.0,0.0,0.7509620189666748,0.14028707891702652,0.5162378251552582,0.2402583844959736,0.14028707891702652,0.11825922504067421,0.38195134326815605,0.6067562401294708,0.46199168264865875,0.18668384850025177,0.8498395085334778
21,0.0491071455180645,0.0,0.0491071455180645,1.0,0.0,0.7509620189666748,0.1443600282073021,0.5137823820114136,0.24672597274184227,0.1443600282073021,0.12481538113206625,0.4074680730700493,0.6065512895584106,0.4617384374141693,0.1863458901643753,0.8490025997161865
22,0.0491071455180645,0.0,0.0491071455180645,1.0,0.0,0.7509620189666748,0.14123545587062836,0.5110398530960083,0.24147773906588554,0.14123545587062836,0.11321192793548107,0.3731023520231247,0.6062949895858765,0.46143554151058197,0.18596944212913513,0.8478186130523682
23,0.02428792230784893,0.007182727102190256,0.02618928998708725,1.0,0.003991816658526659,0.7518596053123474,0.1450665481388569,0.5043814182281494,0.24680082499980927,0.1450665481388569,0.12196874897927046,0.3943616971373558,0.6057559549808502,0.4607631415128708,0.1851194053888321,0.8455628752708435
24,0.05799109488725662,0.03185805305838585,0.06617151945829391,0.9998674392700195,0.01658249832689762,0.7549902200698853,0.14174818992614746,0.4954286515712738,0.2416723445057869,0.14174818992614746,0.11223714705556631,0.36661992222070694,0.6050566136837006,0.45987820625305176,0.1840474158525467,0.8427877426147461
25,0.06395911425352097,0.03705437853932381,0.07346929609775543,0.9998537302017212,0.019394604489207268,0.7556594014167786,0.14678407832980156,0.4938000738620758,0.24993475899100304,0.14678407832980156,0.13492984790354967,0.4304664134979248,0.6048503816127777,0.4596512019634247,0.18376106768846512,0.8416748642921448
26,0.04088715836405754,0.049664273858070374,0.0535220168530941,0.9998213052749634,0.02647671476006508,0.7573073506355286,0.14201204106211662,0.4891217052936554,0.24297745898365974,0.14201204106211662,0.12142015900462866,0.39399998635053635,0.6043939590454102,0.459113746881485,0.18306412547826767,0.839471161365509
27,0.038462843745946884,0.0858476310968399,0.059677332639694214,0.9997029900550842,0.046220049262046814,0.7621787190437317,0.1479608230292797,0.4785189777612686,0.2515766955912113,0.1479608230292797,0.12902808096259832,0.4165605343878269,0.6035091280937195,0.4580235928297043,0.18177638202905655,0.8357357978820801
28,0.11507077515125275,0.13047756254673004,0.14607590436935425,0.9995473623275757,0.0724354237318039,0.7683185935020447,0.14172521606087685,0.46362847089767456,0.24253956601023674,0.14172521606087685,0.11570571176707745,0.37954530864953995,0.602279931306839,0.4564695805311203,0.18003695458173752,0.8308284282684326
29,0.056642841547727585,0.142014741897583,0.09043942391872406,0.9995452761650085,0.07892926037311554,0.7701345682144165,0.14338532835245132,0.46064986288547516,0.24500485509634018,0.14338532835245132,0.11991190817207098,0.39175352454185486,0.6020218729972839,0.4561803936958313,0.17967849969863892,0.8295462429523468
30,0.10780835896730423,0.1617557555437088,0.14560070633888245,0.9993365406990051,0.09115222096443176,0.7728403806686401,0.14260800555348396,0.4540615379810333,0.24309051036834717,0.14260800555348396,0.11745439376682043,0.38134273886680603,0.6013810634613037,0.45538294315338135,0.17881495505571365,0.8267873227596283
31,0.13285377621650696,0.19578644633293152,0.1767001450061798,0.9992491006851196,0.112799733877182,0.7779409289360046,0.14012345299124718,0.4425649046897888,0.23922262713313103,0.14012345299124718,0.10730760265141726,0.3527328781783581,0.6004045605659485,0.45415474474430084,0.17747263610363007,0.8228324055671692
32,0.10404656827449799,0.2364974468946457,0.1564711034297943,0.9991798996925354,0.1386936455965042,0.7845714092254639,0.1449633091688156,0.43006177246570587,0.24672097340226173,0.1449633091688156,0.12248361855745316,0.3928125277161598,0.5992838740348816,0.4528256952762604,0.17596235871315002,0.8178060352802277
33,0.10994616895914078,0.2634851038455963,0.16707786917686462,0.999103844165802,0.15787196159362793,0.7886938452720642,0.14299027621746063,0.42124438285827637,0.2438856065273285,0.14299027621746063,0.11371022835373878,0.3728637397289276,0.598438024520874,0.4517458975315094,0.1749754622578621,0.8144491314888
34,0.12116267532110214,0.28022003173828125,0.18059037625789642,0.9991031289100647,0.1689630150794983,0.7914702296257019,0.1405077874660492,0.4160277545452118,0.24007939919829369,0.1405077874660492,0.1118859276175499,0.364130362868309,0.5979480743408203,0.451145738363266,0.17439904063940048,0.812371164560318
35,0.1720176488161087,0.31604257225990295,0.2373935878276825,0.9991390109062195,0.19432762265205383,0.7976469397544861,0.14657144248485565,0.40391775965690613,0.24955185875296593,0.14657144248485565,0.12649269215762615,0.4100569449365139,0.596766322851181,0.44972260296344757,0.17293395102024078,0.8072046339511871
36,0.15623386204242706,0.3221752941608429,0.22162458300590515,0.9992367029190063,0.19870281219482422,0.7987146973609924,0.14504559338092804,0.4020770490169525,0.24782149866223335,0.14504559338092804,0.12684883549809456,0.4123593308031559,0.5965762436389923,0.4494965970516205,0.17273271828889847,0.8063303828239441
37,0.20653973519802094,0.34498631954193115,0.2751935124397278,0.9992753863334656,0.21494393050670624,0.8028064370155334,0.14246006309986115,0.3939149081707001,0.24333566054701805,0.14246006309986115,0.12181603256613016,0.39195897802710533,0.5957730412483215,0.44852204620838165,0.17171885073184967,0.8028729557991028
38,0.1915058195590973,0.3802095949649811,0.2652978003025055,0.9945639371871948,0.24252143502235413,0.8093342185020447,0.1525011993944645,0.3812001198530197,0.258922565728426,0.1525011993944645,0.1443362282589078,0.4618006870150566,0.5944783389568329,0.44696928560733795,0.17012955248355865,0.7971465289592743
39,0.16733045876026154,0.39089521765708923,0.24389618635177612,0.9946924448013306,0.24973267316818237,0.8116974234580994,0.14222832769155502,0.37645092606544495,0.24255407601594925,0.14222832769155502,0.11589991673827171,0.3754420168697834,0.5939914584159851,0.44646479189395905,0.16941439360380173,0.7944485545158386
40,0.20674730837345123,0.44390353560447693,0.28951069712638855,0.994145929813385,0.2927449643611908,0.8218954205513,0.13823677971959114,0.3555062264204025,0.236894141882658,0.13823677971959114,0.10815400537103415,0.3538731187582016,0.5917366147041321,0.44370751082897186,0.1666743978857994,0.7847827672958374
41,0.21856336295604706,0.4733414649963379,0.30479222536087036,0.9935827851295471,0.3182256817817688,0.8280314803123474,0.13930030912160873,0.34322449564933777,0.23877578973770142,0.13930030912160873,0.11138265766203403,0.3658182881772518,0.5903679728507996,0.44209399819374084,0.16491834819316864,0.7784337401390076
42,0.2669791877269745,0.5048817992210388,0.35580745339393616,0.9938328266143799,0.34526896476745605,0.8349142670631409,0.14045796170830727,0.3300297409296036,0.240320336073637,0.14045796170830727,0.111992496997118,0.36760467290878296,0.5888547301292419,0.44031529128551483,0.16301292926073074,0.7714852690696716
43,0.24973897635936737,0.5340990424156189,0.3412909209728241,0.9937027096748352,0.3722645938396454,0.8415447473526001,0.13947219401597977,0.31560930609703064,0.23907313868403435,0.13947219401597977,0.1156366653740406,0.3749549947679043,0.5871118307113647,0.4383126199245453,0.16077794879674911,0.763106107711792
44,0.30787867307662964,0.5795852541923523,0.4019848704338074,0.9926499128341675,0.4166612923145294,0.8523720502853394,0.1397801823914051,0.2950301915407181,0.23909764736890793,0.1397801823914051,0.10864292271435261,0.3579083513468504,0.5845756828784943,0.43537192046642303,0.1575065776705742,0.751172661781311
45,0.34236466884613037,0.6229735016822815,0.4388633668422699,0.9922713041305542,0.4612959623336792,0.8633778691291809,0.14470553770661354,0.2741743326187134,0.24665289744734764,0.14470553770661354,0.12541743461042643,0.4009517729282379,0.5818665623664856,0.43225644528865814,0.15396207571029663,0.7382053136825562
46,0.33817926049232483,0.6615753173828125,0.4359394609928131,0.991147518157959,0.5042546987533569,0.8739445209503174,0.14179005101323128,0.25569069385528564,0.24226725101470947,0.14179005101323128,0.11350804194808006,0.372435599565506,0.5793933272361755,0.42950262129306793,0.15063630789518356,0.7258025705814362
47,0.3887365162372589,0.691811740398407,0.487306147813797,0.9906842708587646,0.5390120148658752,0.8823066353797913,0.14398324489593506,0.2408108115196228,0.24545804783701897,0.14398324489593506,0.12000789865851402,0.3889884687960148,0.5772489309310913,0.4270230084657669,0.14792023599147797,0.7156404256820679
48,0.41630589962005615,0.737345278263092,0.5149490833282471,0.989465594291687,0.5956719517707825,0.8959263563156128,0.14869572967290878,0.21855594217777252,0.2531092204153538,0.14869572967290878,0.131783964112401,0.42825068160891533,0.5739860534667969,0.42336058616638184,0.14372199028730392,0.6996792554855347
49,0.43077781796455383,0.748360812664032,0.5287554860115051,0.9893114566802979,0.6090553402900696,0.8993880748748779,0.1419581174850464,0.21267250180244446,0.24250926449894905,0.1419581174850464,0.11812035087496042,0.38267530128359795,0.5730859637260437,0.4223634749650955,0.14254342019557953,0.6951585114002228
50,0.42434707283973694,0.7672802805900574,0.5218690037727356,0.9869130253791809,0.6330215930938721,0.9056721329689026,0.13787122443318367,0.2037694752216339,0.23603135719895363,0.13787122443318367,0.10623290203511715,0.34811342135071754,0.5717599391937256,0.4209473878145218,0.14071792364120483,0.6880277693271637
51,0.4902101159095764,0.8011281490325928,0.5851933360099792,0.9855011701583862,0.680059015750885,0.9168688058853149,0.14135133102536201,0.1863921731710434,0.24117612093687057,0.14135133102536201,0.11348986718803644,0.3685850463807583,0.5689940452575684,0.41782182455062866,0.1372784972190857,0.6745056807994843
52,0.5441113710403442,0.8234450817108154,0.6386370062828064,0.980941653251648,0.7132649421691895,0.9246859550476074,0.14644257724285126,0.17335250973701477,0.2489236406981945,0.14644257724285126,0.12755687814205885,0.41043486073613167,0.5668576061725616,0.41548293828964233,0.13452433794736862,0.6635085940361023
53,0.5530731678009033,0.8401526212692261,0.6450856328010559,0.9841206669807434,0.7385734915733337,0.9307246208190918,0.14360345900058746,0.16433770954608917,0.24484175443649292,0.14360345900058746,0.11923559475690126,0.3868696168065071,0.5653247833251953,0.4137950986623764,0.13258276134729385,0.6557559669017792
54,0.5596405267715454,0.8541914820671082,0.6495251059532166,0.9812188744544983,0.7611904144287109,0.935859739780426,0.14547763764858246,0.15617869794368744,0.24770917370915413,0.14547763764858246,0.12228747457265854,0.3991857245564461,0.5638898611068726,0.41222308576107025,0.130797877907753,0.6485800743103027
55,0.58213210105896,0.8658891320228577,0.6759870052337646,0.9760653376579285,0.7810924649238586,0.9403523206710815,0.14883343130350113,0.14940236508846283,0.2532807029783726,0.14883343130350113,0.1287493109703064,0.4218430370092392,0.5627376139163971,0.4110257476568222,0.1292329877614975,0.6423111855983734
56,0.5822521448135376,0.8743091821670532,0.6743013262748718,0.9732812643051147,0.796405553817749,0.9435173273086548,0.144182987511158,0.14458692073822021,0.24570384249091148,0.144182987511158,0.12091884668916464,0.3911689259111881,0.5618430376052856,0.41003988683223724,0.128130704164505,0.6379123032093048
57,0.6345390677452087,0.8837888836860657,0.7229626774787903,0.966071605682373,0.8138592839241028,0.9471269845962524,0.14398521184921265,0.13883201777935028,0.24567367136478424,0.14398521184921265,0.12158711161464453,0.394771084189415,0.5607611536979675,0.40880991518497467,0.12687261402606964,0.632832407951355
58,0.6617944836616516,0.893844485282898,0.7492778301239014,0.9588989019393921,0.8321589827537537,0.9511626958847046,0.13941475376486778,0.13342320919036865,0.2389322780072689,0.13941475376486778,0.11225878819823265,0.3666590414941311,0.5597787797451019,0.407730832695961,0.12564150989055634,0.627874344587326
59,0.6341802477836609,0.8972333073616028,0.7186289429664612,0.9620499610900879,0.8388149738311768,0.952548623085022,0.13770310208201408,0.13118182122707367,0.2362281233072281,0.13770310208201408,0.1075008874759078,0.353032860904932,0.5593719184398651,0.40729688107967377,0.1251242645084858,0.6256840229034424
60,0.6548237204551697,0.9053958654403687,0.7386066317558289,0.9520464539527893,0.8546262979507446,0.9558677673339844,0.14514586329460144,0.12684553861618042,0.24811692535877228,0.14514586329460144,0.12821747455745935,0.4161645993590355,0.5585581660270691,0.4064013957977295,0.12413795292377472,0.6216964721679688
61,0.6600953340530396,0.9093955159187317,0.7460170984268188,0.9490238428115845,0.8637867569923401,0.9575081467628479,0.140799842774868,0.12462721765041351,0.24059109017252922,0.140799842774868,0.11118677165359259,0.3635776787996292,0.5581623017787933,0.40600278973579407,0.12358852848410606,0.6195275187492371
62,0.6531966328620911,0.911882221698761,0.7357817888259888,0.941112220287323,0.871803343296051,0.9583213329315186,0.14285581186413765,0.12265615165233612,0.243699561804533,0.14285581186413765,0.11770798359066248,0.38402972370386124,0.557706356048584,0.4054461121559143,0.1231786459684372,0.6179537177085876
63,0.7245753407478333,0.9188345074653625,0.8039296269416809,0.9273684620857239,0.888188898563385,0.9611889719963074,0.14864762499928474,0.11833333969116211,0.252712968736887,0.14864762499928474,0.1344830635935068,0.4306570142507553,0.5568817257881165,0.4045394957065582,0.12221307307481766,0.6139946579933167
64,0.6898478865623474,0.9200536608695984,0.7700836062431335,0.9317552447319031,0.890254557132721,0.9617799520492554,0.14009100943803787,0.11817625164985657,0.2397526539862156,0.14009100943803787,0.11414067726582289,0.3700055480003357,0.5568915009498596,0.4045795798301697,0.12215263769030571,0.6136821210384369
65,0.7044912576675415,0.9242936968803406,0.7827102541923523,0.917514443397522,0.8985816240310669,0.9635989665985107,0.13995499163866043,0.11575016379356384,0.23945804312825203,0.13995499163866043,0.11387581750750542,0.37169574201107025,0.5564098358154297,0.40401288866996765,0.12162243947386742,0.6114966869354248
66,0.7292813062667847,0.9237903356552124,0.8075162768363953,0.908595860004425,0.9011587500572205,0.963228702545166,0.1457013599574566,0.11556389927864075,0.24832701310515404,0.1457013599574566,0.12543077114969492,0.40698498487472534,0.5563121736049652,0.403898686170578,0.1215745285153389,0.6113864183425903
67,0.7257673740386963,0.926678478717804,0.8011928796768188,0.9224711060523987,0.9086160063743591,0.9644344449043274,0.14043878391385078,0.11447732150554657,0.23991098254919052,0.14043878391385078,0.10942912381142378,0.3603316992521286,0.5560619533061981,0.4036006033420563,0.12131331488490105,0.6103658378124237
68,0.7170221209526062,0.9278115630149841,0.7964189052581787,0.9008315205574036,0.9130266904830933,0.9648644924163818,0.1424364522099495,0.1134553849697113,0.24336416646838188,0.1424364522099495,0.11899205669760704,0.38666925206780434,0.5558648407459259,0.40338796377182007,0.12108507379889488,0.6094768345355988
69,0.7107214331626892,0.9284010529518127,0.7902344465255737,0.9163178205490112,0.9167194962501526,0.9650247097015381,0.14030227065086365,0.11350716650485992,0.23968365415930748,0.14030227065086365,0.1108058588579297,0.3621801882982254,0.5558207035064697,0.40330201387405396,0.12110280990600586,0.6096505224704742
70,0.7321953177452087,0.928993821144104,0.8092407584190369,0.893165647983551,0.9204128980636597,0.9651918411254883,0.14652622863650322,0.11340987682342529,0.24942869320511818,0.14652622863650322,0.12881038058549166,0.4130974970757961,0.5557519197463989,0.4032067805528641,0.12108971178531647,0.6096668839454651
71,0.6983257532119751,0.9282122254371643,0.775938868522644,0.9046374559402466,0.9208664894104004,0.9648116230964661,0.14215948805212975,0.1132597029209137,0.24279716610908508,0.14215948805212975,0.12043778598308563,0.3876301050186157,0.5557760298252106,0.40327906608581543,0.12105036526918411,0.6095086336135864
72,0.7368579506874084,0.9308008551597595,0.8148881196975708,0.9000219106674194,0.9269293546676636,0.9659069776535034,0.13922780379652977,0.11217287182807922,0.2385232225060463,0.13922780379652977,0.1088726269081235,0.35891176387667656,0.5554910898208618,0.40290945768356323,0.12081209197640419,0.6085767447948456
73,0.7293699979782104,0.9306045770645142,0.8041130304336548,0.8953884243965149,0.9280024766921997,0.965758204460144,0.1388782076537609,0.11224070191383362,0.2376662716269493,0.1388782076537609,0.11115009989589453,0.3604140914976597,0.5554957091808319,0.40290114283561707,0.12083395197987556,0.6087573170661926
74,0.743619978427887,0.9311413764953613,0.8202388286590576,0.8914123773574829,0.9299744367599487,0.9659698009490967,0.14750221744179726,0.11126185953617096,0.25084180757403374,0.14750221744179726,0.12830490618944168,0.4169304072856903,0.5553208887577057,0.40272215008735657,0.12063154205679893,0.6078185439109802
75,0.7463341355323792,0.9288349747657776,0.8237165808677673,0.8761582374572754,0.9308925271034241,0.964708149433136,0.1498946063220501,0.11252516508102417,0.2542339935898781,0.1498946063220501,0.1301516955718398,0.4215937778353691,0.5554765164852142,0.40286195278167725,0.1209544986486435,0.6093972325325012
76,0.7227608561515808,0.9299558997154236,0.8003451228141785,0.8811091184616089,0.9307476282119751,0.9653236269950867,0.13685299083590508,0.1126333624124527,0.2344951406121254,0.13685299083590508,0.10537124518305063,0.3433139957487583,0.5555188357830048,0.40291057527065277,0.12093345075845718,0.6092647016048431
77,0.72579026222229,0.9297623038291931,0.8043830394744873,0.8745400309562683,0.933249294757843,0.9651243090629578,0.13942497968673706,0.11242237687110901,0.23805562779307365,0.13942497968673706,0.10866126790642738,0.3527413923293352,0.5554539859294891,0.4028245508670807,0.12091195955872536,0.609246015548706
78,0.7384846806526184,0.9309490323066711,0.8154966235160828,0.8646005392074585,0.9374282360076904,0.9655911326408386,0.1457943320274353,0.11187595129013062,0.24894455075263977,0.1457943320274353,0.12924963887780905,0.41932644695043564,0.5553113222122192,0.402645543217659,0.12079895660281181,0.6087855100631714
79,0.729775607585907,0.9296545386314392,0.8089888691902161,0.8670699596405029,0.9346541166305542,0.9650522470474243,0.1385515257716179,0.11255259811878204,0.23728620633482933,0.1385515257716179,0.10811544489115477,0.35518351569771767,0.5555040240287781,0.402901291847229,0.12093732878565788,0.6093729734420776
80,0.6974419951438904,0.930175244808197,0.7733097672462463,0.8388898372650146,0.9382739663124084,0.9651527404785156,0.14363138005137444,0.11225494742393494,0.24546698108315468,0.14363138005137444,0.12200997862964869,0.3983498476445675,0.5553770065307617,0.4026987701654434,0.12092332914471626,0.6093622148036957
81,0.7207404971122742,0.9305901527404785,0.7969676852226257,0.8549425005912781,0.9395139217376709,0.9653236269950867,0.14653873071074486,0.11156393587589264,0.2496485598385334,0.14653873071074486,0.13155538123100996,0.42220767214894295,0.5552565157413483,0.402572900056839,0.1207800880074501,0.6087611317634583
82,0.7428179383277893,0.931165337562561,0.8229476809501648,0.8772030472755432,0.9412198066711426,0.9655705094337463,0.14468999207019806,0.11088259518146515,0.24691545963287354,0.14468999207019806,0.12350524216890335,0.4013454243540764,0.5551384687423706,0.4024486243724823,0.12063589692115784,0.6081082224845886
83,0.7352582812309265,0.929232120513916,0.8124698996543884,0.858124315738678,0.9366632699966431,0.964705765247345,0.1413605622947216,0.1112799197435379,0.24116386845707893,0.1413605622947216,0.11622961331158876,0.37472987547516823,0.5552580654621124,0.4025993049144745,0.1207410879433155,0.6084956228733063
84,0.7275471091270447,0.9299403429031372,0.8056756854057312,0.8378062844276428,0.942224383354187,0.9648752212524414,0.14638274163007736,0.11133062839508057,0.2488255873322487,0.14638274163007736,0.12508799508213997,0.4037666656076908,0.5551928281784058,0.4024876207113266,0.12077805399894714,0.6087926030158997
85,0.7179847359657288,0.9293301701545715,0.7947704195976257,0.845082700252533,0.9428085088729858,0.964521050453186,0.1413469985127449,0.11193947494029999,0.24188565090298653,0.1413469985127449,0.11657065059989691,0.3810558561235666,0.5552730560302734,0.4025547504425049,0.1209077462553978,0.6094603836536407
86,0.7367908954620361,0.9298617243766785,0.8149641752243042,0.8496586084365845,0.9441819190979004,0.9647525548934937,0.1451282873749733,0.11225751042366028,0.2473377175629139,0.1451282873749733,0.1258126636967063,0.4047636538743973,0.5552964508533478,0.40256720781326294,0.12096721306443214,0.6097259223461151
87,0.7183493375778198,0.9285574555397034,0.7982452511787415,0.8585702180862427,0.9437400698661804,0.9641002416610718,0.1469370387494564,0.11282749474048615,0.25008799135684967,0.1469370387494564,0.1267154300585389,0.4112357571721077,0.555426836013794,0.40273819863796234,0.12110768258571625,0.6103633642196655
88,0.7334197163581848,0.9291061162948608,0.8138185143470764,0.871979296207428,0.9406291842460632,0.9645004272460938,0.1409674622118473,0.11177445948123932,0.2408694364130497,0.1409674622118473,0.11862919200211763,0.38387685269117355,0.5552946031093597,0.4026166945695877,0.12085352838039398,0.6091306805610657
89,0.7284744381904602,0.9297537207603455,0.8039632439613342,0.8462454080581665,0.9458919167518616,0.9646345376968384,0.1454506851732731,0.11176317930221558,0.24813325330615044,0.1454506851732731,0.12613460700958967,0.40892400965094566,0.5552096962928772,0.40247154235839844,0.12089994549751282,0.6094276607036591
90,0.7278693914413452,0.929712176322937,0.8076797723770142,0.8539844751358032,0.9448678493499756,0.9646483063697815,0.14593356847763062,0.11166827380657196,0.2485942803323269,0.14593356847763062,0.13131849002093077,0.4187340997159481,0.555205762386322,0.40247733891010284,0.12087198719382286,0.6092607975006104
91,0.7256406545639038,0.930435836315155,0.803577184677124,0.8564965724945068,0.9450715780258179,0.9650315046310425,0.14425528421998024,0.11121220886707306,0.24621262028813362,0.14425528421998024,0.12251496966928244,0.3988244757056236,0.5551380515098572,0.4024113565683365,0.12075363844633102,0.6087592542171478
92,0.7137717008590698,0.9293964505195618,0.7895335555076599,0.8227430582046509,0.943579912185669,0.9645256996154785,0.1438932903110981,0.11199973523616791,0.24580687284469604,0.1438932903110981,0.11917759943753481,0.3919910304248333,0.5552684962749481,0.4025464802980423,0.12094031274318695,0.609542727470398
93,0.7221044898033142,0.9283329248428345,0.8033894300460815,0.8618448376655579,0.9449935555458069,0.9639055132865906,0.1447046436369419,0.1126561164855957,0.2467593289911747,0.1447046436369419,0.11995309684425592,0.3936985991895199,0.5553571581840515,0.4026236832141876,0.12111219391226768,0.610366016626358
94,0.750196635723114,0.9295498728752136,0.8249417543411255,0.8566245436668396,0.9459869861602783,0.9645165205001831,0.1422649845480919,0.11196789145469666,0.24289873614907265,0.1422649845480919,0.11663905717432499,0.38005274161696434,0.5552298724651337,0.4024883657693863,0.120939951390028,0.6095858216285706
95,0.7352699637413025,0.9290193915367126,0.8172929286956787,0.861657977104187,0.9471284747123718,0.9641945362091064,0.14270078390836716,0.11240017414093018,0.24359358102083206,0.14270078390836716,0.11780679784715176,0.38295338302850723,0.5552932322025299,0.40254729986190796,0.12105510756373405,0.6100892424583435
96,0.752304196357727,0.9284713268280029,0.8328572511672974,0.8645803928375244,0.9473048448562622,0.96388179063797,0.14250856265425682,0.11244826018810272,0.24306479468941689,0.14250856265425682,0.11652361787855625,0.3781323656439781,0.5552849173545837,0.4025256335735321,0.12108411267399788,0.6102442443370819
97,0.7327688932418823,0.9294846057891846,0.8086003661155701,0.8477357625961304,0.9468640685081482,0.9644474983215332,0.14227554947137833,0.11191807687282562,0.24334605410695076,0.14227554947137833,0.11943228077143431,0.38876957073807716,0.5552244484424591,0.4024733901023865,0.12094277516007423,0.6096636950969696
98,0.738386869430542,0.9301913380622864,0.815906286239624,0.8411726355552673,0.947714626789093,0.9648008942604065,0.1428791619837284,0.11156640946865082,0.24361573532223701,0.1428791619837284,0.1187217477709055,0.38474514335393906,0.5551589131355286,0.4024055451154709,0.12085767462849617,0.6093074679374695
99,0.733749270439148,0.928072452545166,0.8157722353935242,0.8623358011245728,0.9456734657287598,0.9637568593025208,0.1435830518603325,0.11209918558597565,0.24507467448711395,0.1435830518603325,0.1227398095652461,0.3970760889351368,0.5552941262722015,0.4025786966085434,0.12101270258426666,0.6099298596382141
100,0.725204348564148,0.9285605549812317,0.8032118082046509,0.8473070859909058,0.9462929964065552,0.9640005826950073,0.14300907030701637,0.11225220561027527,0.2444479838013649,0.14300907030701637,0.12128634005784988,0.3936684913933277,0.5553117990493774,0.4025963991880417,0.12101410701870918,0.6100224852561951
101,0.7324388027191162,0.9288957118988037,0.8091949224472046,0.8304855227470398,0.9489426612854004,0.9640473127365112,0.14067010954022408,0.11234581470489502,0.24072465673089027,0.14067010954022408,0.11157135106623173,0.3667837083339691,0.5552648305892944,0.40249092876911163,0.12107285857200623,0.6102725267410278
102,0.7249909043312073,0.9282334446907043,0.8063730001449585,0.8491066694259644,0.9488332271575928,0.9636947512626648,0.1412847600877285,0.1130000501871109,0.241519283503294,0.1412847600877285,0.11408699210733175,0.37281426787376404,0.555354118347168,0.4025757312774658,0.1212250106036663,0.6110053956508636
103,0.7371165752410889,0.9287897944450378,0.820461094379425,0.8568669557571411,0.947384774684906,0.9640611410140991,0.14102301001548767,0.11268065869808197,0.24083373695611954,0.14102301001548767,0.11366581544280052,0.36950967088341713,0.5553287863731384,0.40257151424884796,0.1211254745721817,0.6104987263679504
104,0.739469587802887,0.9290855526924133,0.820640504360199,0.8455116152763367,0.948909342288971,0.964150071144104,0.1484600268304348,0.11230066418647766,0.25189419463276863,0.1484600268304348,0.13202546536922455,0.42203364148736,0.5552471280097961,0.40247640013694763,0.12105493247509003,0.6101987361907959
105,0.7397492527961731,0.9287699460983276,0.8202833533287048,0.8522517681121826,0.9471420049667358,0.964087963104248,0.14305391162633896,0.1124916523694992,0.24431073665618896,0.14305391162633896,0.11945103202015162,0.38850226253271103,0.5553423166275024,0.40262746810913086,0.12105885148048401,0.6101998388767242
106,0.736042320728302,0.9282066226005554,0.8203322887420654,0.8518925309181213,0.9481326341629028,0.9637207984924316,0.143351711332798,0.11279869079589844,0.24474288150668144,0.143351711332798,0.11774802580475807,0.38606757670640945,0.5553529560565948,0.4025993049144745,0.12116973102092743,0.6107158362865448
107,0.743613064289093,0.9277986288070679,0.8227055668830872,0.8445920348167419,0.9466511011123657,0.9635375738143921,0.14153014868497849,0.11326254904270172,0.24195529147982597,0.14153014868497849,0.11397167015820742,0.37324877083301544,0.5554195046424866,0.4026588797569275,0.12127003818750381,0.6111636459827423
108,0.7393754124641418,0.9275043606758118,0.8221351504325867,0.8461996912956238,0.9503563642501831,0.9632302522659302,0.1454055793583393,0.11345639824867249,0.24746588990092278,0.1454055793583393,0.12088882271200418,0.3926260396838188,0.5554025173187256,0.40260474383831024,0.12136334925889969,0.6116242110729218
109,0.7441810965538025,0.9277698397636414,0.8256123661994934,0.8459250926971436,0.9468440413475037,0.963516891002655,0.14399861171841621,0.11341409385204315,0.24606622010469437,0.14399861171841621,0.12495019286870956,0.40444452315568924,0.5554403066635132,0.402676522731781,0.12130632624030113,0.6113367080688477
110,0.735677182674408,0.9288872480392456,0.8130684494972229,0.8352725505828857,0.9497978091239929,0.9640105366706848,0.1402888335287571,0.11260077357292175,0.24011624231934547,0.1402888335287571,0.11409329809248447,0.37155861407518387,0.5552854239940643,0.4025026559829712,0.12113437801599503,0.6105626821517944
111,0.7316926717758179,0.9280136227607727,0.8091665506362915,0.82656329870224,0.9509783983230591,0.963489294052124,0.1495554819703102,0.11258046329021454,0.2541675344109535,0.1495554819703102,0.13499708473682404,0.43383773788809776,0.55527064204216,0.40247757732868195,0.12116454914212227,0.6107414960861206
112,0.7263076305389404,0.9285588264465332,0.8044717907905579,0.8322325348854065,0.9472365975379944,0.9639254808425903,0.13618656992912292,0.11250220239162445,0.23390084877610207,0.13618656992912292,0.1046718331053853,0.34450588747859,0.5553012192249298,0.40253667533397675,0.12110394984483719,0.610357016324997
113,0.7255207896232605,0.9292279481887817,0.8032497763633728,0.8293740153312683,0.9484878778457642,0.9642497301101685,0.14177696406841278,0.11226040124893188,0.24226300790905952,0.14177696406841278,0.11515009310096502,0.37644519843161106,0.5552521347999573,0.40248261392116547,0.12103983759880066,0.6101038455963135
114,0.7451773285865784,0.928577721118927,0.8250607252120972,0.8513575792312622,0.9486518502235413,0.9638917446136475,0.14171821624040604,0.11271433532238007,0.2427150122821331,0.14171821624040604,0.12060135323554277,0.392057403922081,0.5553169548511505,0.40254126489162445,0.12114696577191353,0.6106343269348145
115,0.7386244535446167,0.9289522171020508,0.8178054094314575,0.8572605848312378,0.9475089311599731,0.9641331434249878,0.14899901673197746,0.1119484156370163,0.2531922608613968,0.14899901673197746,0.13475704658776522,0.4339708872139454,0.5552277266979218,0.402469202876091,0.1209796629846096,0.6098412871360779
116,0.7020449042320251,0.9281208515167236,0.7786775231361389,0.8096188902854919,0.9489194750785828,0.963621199131012,0.14583168551325798,0.11227324604988098,0.24834050610661507,0.14583168551325798,0.1285736234858632,0.41168564558029175,0.5552593469619751,0.4024815410375595,0.12109409645199776,0.6103884875774384
117,0.7525028586387634,0.9292601943016052,0.8333075642585754,0.85404372215271,0.9495287537574768,0.9642229676246643,0.14226551353931427,0.11196163296699524,0.24258410185575485,0.14226551353931427,0.1170318704098463,0.37806236743927,0.555201381444931,0.4024266451597214,0.12099675089120865,0.6099472343921661
118,0.7216019034385681,0.9286010265350342,0.7971779108047485,0.8346739411354065,0.9475163221359253,0.9639416337013245,0.13662947341799736,0.11262324452400208,0.2349177598953247,0.13662947341799736,0.10438340622931719,0.34706009924411774,0.5553239583969116,0.4025600105524063,0.12113142758607864,0.6105138659477234
119,0.732311487197876,0.9289907813072205,0.8124668598175049,0.8332809805870056,0.947087824344635,0.9641768932342529,0.14189442619681358,0.11247245967388153,0.24226559698581696,0.14189442619681358,0.11587321758270264,0.3772401586174965,0.5553059577941895,0.4025478959083557,0.12108751386404037,0.6102516055107117
120,0.7268238663673401,0.9284845590591431,0.8042108416557312,0.8494346141815186,0.9484876990318298,0.9638396501541138,0.14475122839212418,0.11298733949661255,0.24583646655082703,0.14475122839212418,0.11757214274257421,0.3796922191977501,0.5553568601608276,0.4025796502828598,0.12121167406439781,0.610906332731247
121,0.7393769025802612,0.9283170104026794,0.8185679316520691,0.8390491008758545,0.9501473903656006,0.9636862874031067,0.14604901894927025,0.1125885546207428,0.2491268590092659,0.14604901894927025,0.13140556029975414,0.4239143393933773,0.5552782714366913,0.40249283611774445,0.12114809080958366,0.6106374859809875
122,0.7414711713790894,0.9281799793243408,0.8208141922950745,0.8419348001480103,0.9495968818664551,0.9636272192001343,0.14518079161643982,0.11270865797996521,0.24722148850560188,0.14518079161643982,0.1246941713616252,0.4024224616587162,0.5553033947944641,0.4025181978940964,0.12118115276098251,0.6107970774173737
123,0.7269298434257507,0.9278793334960938,0.8073880672454834,0.820679783821106,0.9512873888015747,0.963398814201355,0.14490676298737526,0.11298355460166931,0.24637596309185028,0.14490676298737526,0.11982349120080471,0.3880253881216049,0.5553221106529236,0.4025209844112396,0.12125606462359428,0.6111574172973633
124,0.714098334312439,0.9285485744476318,0.7923184633255005,0.8210242986679077,0.9493124485015869,0.9638450145721436,0.14469725266098976,0.11255121231079102,0.2467256300151348,0.14469725266098976,0.12340099457651377,0.40163758769631386,0.5552825629711151,0.4025057703256607,0.12113359197974205,0.6105301082134247
125,0.7271059155464172,0.928930401802063,0.8051040172576904,0.840588390827179,0.949756383895874,0.964034378528595,0.13773350417613983,0.11288408935070038,0.23628375306725502,0.13773350417613983,0.10552666988223791,0.34848877415060997,0.5553256273269653,0.40254153311252594,0.12118980661034584,0.6107909381389618
126,0.7376497983932495,0.9281406402587891,0.8199217915534973,0.8531919717788696,0.9484449625015259,0.9636794328689575,0.1472751647233963,0.1130124181509018,0.2507994882762432,0.1472751647233963,0.13180365413427353,0.42493441700935364,0.5553922355175018,0.40264688432216644,0.12122510373592377,0.6108956038951874
127,0.7286016941070557,0.9282311797142029,0.8076466917991638,0.8453877568244934,0.9484858512878418,0.9637008905410767,0.14538829028606415,0.1129242479801178,0.2480417974293232,0.14538829028606415,0.1257559796795249,0.40866612270474434,0.5553537905216217,0.4025750458240509,0.12121450155973434,0.6109020113945007
128,0.7235080599784851,0.9285184741020203,0.8027237057685852,0.8329781293869019,0.9498957395553589,0.9638043642044067,0.14235173910856247,0.11273770034313202,0.2429814748466015,0.14235173910856247,0.11910140421241522,0.38584915921092033,0.5553098320960999,0.4025225043296814,0.12118225172162056,0.6108379065990448
129,0.7414160370826721,0.9284154176712036,0.8217771053314209,0.8392040133476257,0.9506267309188843,0.9637215733528137,0.1453656703233719,0.11249984800815582,0.24784979969263077,0.1453656703233719,0.12550151534378529,0.4062856659293175,0.5552641153335571,0.4024733304977417,0.12113602086901665,0.610630214214325
130,0.7340101003646851,0.9285295009613037,0.8120054602622986,0.8416306376457214,0.9482731223106384,0.9638725519180298,0.14225300401449203,0.1124190092086792,0.24303555116057396,0.14225300401449203,0.12207466643303633,0.3922990523278713,0.5552835166454315,0.40251225233078003,0.12109872326254845,0.6103782653808594
131,0.7356660962104797,0.9292168021202087,0.8102304339408875,0.832142174243927,0.9491254687309265,0.9642090797424316,0.14470337703824043,0.11211159825325012,0.24646440148353577,0.14470337703824043,0.12469421327114105,0.4016067013144493,0.5552174746990204,0.40244460105895996,0.12101113423705101,0.6099991798400879
132,0.7273155450820923,0.9279288053512573,0.807285726070404,0.8451940417289734,0.9486575722694397,0.9635307192802429,0.14441365376114845,0.11319620907306671,0.2464209459722042,0.14441365376114845,0.12230888288468122,0.3972257487475872,0.5553894639015198,0.40260593593120575,0.1212766058743,0.6112160086631775
133,0.7537775635719299,0.928276002407074,0.8354234099388123,0.8637038469314575,0.9490959048271179,0.9636947512626648,0.14237166568636894,0.11279043555259705,0.24371453002095222,0.14237166568636894,0.1225869208574295,0.39775943383574486,0.5553202927112579,0.4025391638278961,0.12118790298700333,0.610795795917511
134,0.7361476421356201,0.9277491569519043,0.8196168541908264,0.8476584553718567,0.9505185484886169,0.9633651375770569,0.14370213076472282,0.11344674229621887,0.24484054371714592,0.14370213076472282,0.11648410186171532,0.3800867423415184,0.5554000735282898,0.40261247754096985,0.12134430557489395,0.6115317046642303
135,0.7309893369674683,0.9277731776237488,0.8090353608131409,0.8241915106773376,0.9510607123374939,0.9633505940437317,0.1430385522544384,0.11302705109119415,0.24478447064757347,0.1430385522544384,0.12231790367513895,0.39936453849077225,0.5553323924541473,0.4025346338748932,0.12128022313117981,0.6111994981765747
136,0.731336772441864,0.9287685751914978,0.8096287846565247,0.8384111523628235,0.948531985282898,0.9639928936958313,0.13868875429034233,0.11236999928951263,0.2372378669679165,0.13868875429034233,0.11164827831089497,0.3599187731742859,0.5552771091461182,0.40250425040721893,0.12108617648482323,0.6102834939956665
137,0.7264753580093384,0.9282956123352051,0.8072105646133423,0.8267666101455688,0.9491733312606812,0.9637162089347839,0.14330794289708138,0.11226972937583923,0.24481577426195145,0.14330794289708138,0.12008614093065262,0.39278849586844444,0.5552511513233185,0.40247324109077454,0.12107468023896217,0.6102533340454102
138,0.7465466260910034,0.9291715025901794,0.8276774287223816,0.8477186560630798,0.9488471746444702,0.9642022252082825,0.14205122739076614,0.11195126175880432,0.24145477265119553,0.14205122739076614,0.1117764450609684,0.3619057722389698,0.5552072525024414,0.40243564546108246,0.12097234651446342,0.6098396480083466
139,0.7405269145965576,0.9286849498748779,0.8215538263320923,0.8344270586967468,0.9502236843109131,0.9638810157775879,0.14754558354616165,0.11208678781986237,0.25067029520869255,0.14754558354616165,0.12852835934609175,0.413752656430006,0.5552151799201965,0.40243062376976013,0.12102975323796272,0.6101536750793457
140,0.726326584815979,0.928031861782074,0.8068854808807373,0.8221723437309265,0.9503711462020874,0.9635230898857117,0.14797451347112656,0.11259058117866516,0.2520304247736931,0.14797451347112656,0.13386437483131886,0.4318887032568455,0.5552732050418854,0.4024859219789505,0.12117612361907959,0.6107491552829742
141,0.7296797037124634,0.9273593425750732,0.8126291632652283,0.8493894934654236,0.9490266442298889,0.96323561668396,0.1515151746571064,0.11279703676700592,0.2570124939084053,0.1515151746571064,0.1388812493532896,0.44849834963679314,0.5553555488586426,0.40260471403598785,0.12120944261550903,0.6108725070953369
142,0.7192226648330688,0.9274000525474548,0.8002350330352783,0.8523295521736145,0.9475160241127014,0.9633329510688782,0.14445559680461884,0.11333833634853363,0.24680059775710106,0.14445559680461884,0.12274410761892796,0.4003448560833931,0.5554667711257935,0.40274614095687866,0.12127980962395668,0.6112072169780731
143,0.7373825311660767,0.9270445704460144,0.8212435841560364,0.8507351279258728,0.9488958716392517,0.9630961418151855,0.14417703077197075,0.1135089099407196,0.2460147775709629,0.14417703077197075,0.12176396325230598,0.39581499621272087,0.55548495054245,0.40275853872299194,0.1213451437652111,0.6114808917045593
144,0.740163266658783,0.9281352162361145,0.8203291296958923,0.8420905470848083,0.9500733613967896,0.9635874032974243,0.144619382917881,0.11267431080341339,0.2470351904630661,0.144619382917881,0.12577275652438402,0.40755799412727356,0.5552884936332703,0.4025002270936966,0.1211724653840065,0.6107290983200073
145,0.7283498048782349,0.9268692135810852,0.8087707757949829,0.8427135944366455,0.9479904770851135,0.9629841446876526,0.14298250153660774,0.1138995885848999,0.24416648223996162,0.14298250153660774,0.11491304449737072,0.37863268703222275,0.5554920434951782,0.4027160704135895,0.12143641337752342,0.6119205057621002
146,0.745039165019989,0.9284167289733887,0.8257638812065125,0.8545242547988892,0.9487673044204712,0.9638212323188782,0.13964619860053062,0.11298847198486328,0.23876741155982018,0.13964619860053062,0.10808752942830324,0.3542231321334839,0.555383712053299,0.4026362895965576,0.12119881436228752,0.6107898056507111
147,0.7298460602760315,0.9285719990730286,0.8104904294013977,0.8576964139938354,0.9478424191474915,0.9639185667037964,0.1436186544597149,0.11237457394599915,0.2453574202954769,0.1436186544597149,0.127721531316638,0.4106791205704212,0.5552800297737122,0.40251465141773224,0.12107950076460838,0.6102059483528137
148,0.7562416791915894,0.9298034310340881,0.837023913860321,0.8564772009849548,0.9485557675361633,0.9645578861236572,0.1413065753877163,0.11200660467147827,0.2415471412241459,0.1413065753877163,0.118187315762043,0.38232244178652763,0.5552209913730621,0.4024548977613449,0.12098199501633644,0.6097946763038635
149,0.7258971929550171,0.9280616044998169,0.8066462278366089,0.852056086063385,0.9484175443649292,0.9636572599411011,0.1433073952794075,0.11297330260276794,0.24466053396463394,0.1433073952794075,0.11875628586858511,0.3878822699189186,0.5553983449935913,0.4026693105697632,0.12121831253170967,0.6108283400535583
150,0.7279052138328552,0.9295614957809448,0.8082864284515381,0.8273497223854065,0.948554277420044,0.9644229412078857,0.13992691785097122,0.11176085472106934,0.2397826462984085,0.13992691785097122,0.11433697864413261,0.3749275803565979,0.5551866888999939,0.4024217426776886,0.12094211205840111,0.6096030175685883
151,0.7368577122688293,0.9291329979896545,0.8161040544509888,0.8404420018196106,0.9483609199523926,0.9642006754875183,0.13724320381879807,0.11254197359085083,0.2362772487103939,0.13724320381879807,0.1078581353649497,0.3594296984374523,0.5552970767021179,0.4025275558233261,0.12111319229006767,0.6103815138339996
152,0.7201751470565796,0.9292532801628113,0.7989140152931213,0.8163226246833801,0.9494825601577759,0.9642159938812256,0.14081495255231857,0.11219212412834167,0.2417280226945877,0.14081495255231857,0.11811846401542425,0.38944386690855026,0.5552339553833008,0.40245652198791504,0.1210523210465908,0.6101621389389038
153,0.7320525646209717,0.9280014634132385,0.8106428384780884,0.8284652233123779,0.9489240050315857,0.9635636806488037,0.141885906457901,0.11298982799053192,0.2428373619914055,0.141885906457901,0.1162444343790412,0.3825071007013321,0.5553573966026306,0.402574822306633,0.12125023081898689,0.6110286116600037
154,0.7277631163597107,0.9282507300376892,0.8084042072296143,0.8529829382896423,0.9484547972679138,0.9637530446052551,0.13727090507745743,0.11321039497852325,0.23561904206871986,0.13727090507745743,0.10581880435347557,0.3492249548435211,0.5554401278495789,0.4027033895254135,0.12125210091471672,0.6110967099666595
155,0.7270416021347046,0.9274641275405884,0.8079609274864197,0.8214954733848572,0.9484543800354004,0.9632877111434937,0.1420557051897049,0.11382848024368286,0.24254890158772469,0.1420557051897049,0.11394090950489044,0.37292274087667465,0.5554836094379425,0.4027015119791031,0.12141717597842216,0.6118636429309845
156,0.7369623780250549,0.9276991486549377,0.8176294565200806,0.8491294980049133,0.948173463344574,0.9634709358215332,0.13971560820937157,0.11337734758853912,0.2388557456433773,0.13971560820937157,0.10991710610687733,0.35761625319719315,0.5554709732532501,0.4027417004108429,0.1212901882827282,0.6112476289272308
157,0.720931351184845,0.928130567073822,0.8014402985572815,0.8450204730033875,0.9496406316757202,0.9636288285255432,0.14431466534733772,0.11302313208580017,0.24597863107919693,0.14431466534733772,0.12280189990997314,0.3975362777709961,0.5553829371929169,0.40261830389499664,0.12123695015907288,0.61104616522789
158,0.7422487735748291,0.9281066656112671,0.8258088827133179,0.8465815186500549,0.9496343731880188,0.9635889530181885,0.14005806669592857,0.11273828148841858,0.23966408148407936,0.14005806669592857,0.11531403847038746,0.37387872859835625,0.5553185343742371,0.40253059566020966,0.12118743732571602,0.6108231246471405
159,0.7387028336524963,0.9278454184532166,0.8205562829971313,0.8517016172409058,0.9488822221755981,0.9634869694709778,0.13792147487401962,0.11265790462493896,0.2365187518298626,0.13792147487401962,0.10900674294680357,0.3569536730647087,0.5553305447101593,0.40256108343601227,0.12116958200931549,0.6107118725776672
160,0.7380034327507019,0.9288296699523926,0.8197125196456909,0.8566103577613831,0.9473384618759155,0.9641331434249878,0.14396897330880165,0.11220507323741913,0.24510212615132332,0.14396897330880165,0.12466875836253166,0.3965226672589779,0.5553244948387146,0.4026220440864563,0.12100285291671753,0.6099910736083984
161,0.7494948506355286,0.9298548698425293,0.8286890387535095,0.8590652942657471,0.9469889402389526,0.9646499156951904,0.14312027022242546,0.11206787824630737,0.24413307383656502,0.14312027022242546,0.12271083705127239,0.39243217557668686,0.5552516579627991,0.40249790251255035,0.12096872180700302,0.6097829937934875
162,0.7379063963890076,0.9281866550445557,0.8219329714775085,0.8566831350326538,0.9479659795761108,0.9637047052383423,0.13834521546959877,0.1127648651599884,0.2369612492620945,0.13834521546959877,0.108639114536345,0.35308127105236053,0.5553418695926666,0.4025738835334778,0.12115960568189621,0.6106601357460022
163,0.7233613133430481,0.9286026358604431,0.8018321394920349,0.8371080756187439,0.9506159424781799,0.9638234972953796,0.14304440096020699,0.11243598163127899,0.2440979816019535,0.14304440096020699,0.11939751356840134,0.3869274705648422,0.5552638471126556,0.402472123503685,0.12112293392419815,0.6105427443981171
164,0.7457720041275024,0.9277458786964417,0.8281540274620056,0.8543940186500549,0.949881374835968,0.9633835554122925,0.14558013156056404,0.1127372682094574,0.24784135445952415,0.14558013156056404,0.12557761278003454,0.40385444089770317,0.5553159713745117,0.40252816677093506,0.12121493369340897,0.6109002828598022
165,0.7344765067100525,0.9290422201156616,0.8144181370735168,0.856891393661499,0.9492864012718201,0.9641509056091309,0.13995108008384705,0.11237078905105591,0.23897099122405052,0.13995108008384705,0.11181379947811365,0.3631734065711498,0.5552977323532104,0.40256035327911377,0.12105672433972359,0.610234260559082
166,0.7329686284065247,0.9283040165901184,0.8122526407241821,0.8315140008926392,0.9505948424339294,0.9636641144752502,0.14063996821641922,0.11251373589038849,0.24071656167507172,0.14063996821641922,0.11575162597000599,0.3766774535179138,0.555272787809372,0.4024827182292938,0.12115978077054024,0.6106346249580383
167,0.7419998049736023,0.9285372495651245,0.8245645761489868,0.8480383157730103,0.9504380226135254,0.9637936353683472,0.14452257007360458,0.1123727411031723,0.24605665728449821,0.14452257007360458,0.12625714857131243,0.4028380997478962,0.5552610754966736,0.4024704843759537,0.12111693993210793,0.6104953587055206
168,0.7367963194847107,0.9286201000213623,0.8159902095794678,0.8371440768241882,0.9500454068183899,0.9638564586639404,0.13992395251989365,0.11248145997524261,0.23969610407948494,0.13992395251989365,0.11443204991519451,0.3743121661245823,0.5552810728549957,0.4024917185306549,0.12113098055124283,0.6105493605136871
169,0.7392104268074036,0.9271102547645569,0.822240948677063,0.853223443031311,0.9506763219833374,0.9630538821220398,0.14446255937218666,0.11397689580917358,0.24562958255410194,0.14446255937218666,0.11753990221768618,0.3810410387814045,0.5555279850959778,0.4027722328901291,0.12145493179559708,0.6120736002922058
170,0.7247585654258728,0.9273877739906311,0.8029730916023254,0.8272963166236877,0.950437605381012,0.9631667137145996,0.14306917414069176,0.1136818528175354,0.24441315978765488,0.14306917414069176,0.12105268519371748,0.3939294181764126,0.5554465651512146,0.4026430547237396,0.1214100569486618,0.6118582785129547
171,0.7315796613693237,0.9273118376731873,0.8112898468971252,0.847954511642456,0.950320303440094,0.9631267786026001,0.14395804703235626,0.11337420344352722,0.2457503154873848,0.14395804703235626,0.12257500179111958,0.39767707884311676,0.5554021298885345,0.4026014059782028,0.12136197835206985,0.6116431951522827
172,0.7248076796531677,0.9279298782348633,0.807012140750885,0.8557270765304565,0.9500016570091248,0.9634816646575928,0.14326805621385574,0.11340352892875671,0.24526223167777061,0.14326805621385574,0.1232541874051094,0.4018709063529968,0.555405467748642,0.40261417627334595,0.1213250532746315,0.6114519238471985
173,0.7335047125816345,0.9276204109191895,0.8138740062713623,0.8446778059005737,0.9476742744445801,0.9634264707565308,0.14343630522489548,0.11317463219165802,0.24470016360282898,0.14343630522489548,0.12140215281397104,0.39327944070100784,0.5554260015487671,0.40267468988895416,0.12126735970377922,0.6111595034599304
174,0.7357834577560425,0.9276169538497925,0.8177478313446045,0.8410676121711731,0.9503474831581116,0.9632954597473145,0.14637238159775734,0.11325430870056152,0.2495845966041088,0.14637238159775734,0.12957319989800453,0.4176827035844326,0.5553781092166901,0.4025830775499344,0.12132226303219795,0.6114379465579987
175,0.7190312743186951,0.9284530878067017,0.798702597618103,0.8481103777885437,0.9483292102813721,0.9638534188270569,0.14092126861214638,0.11268527805805206,0.24054808914661407,0.14092126861214638,0.11742704454809427,0.3761524334549904,0.5553464293479919,0.4025954604148865,0.12114724144339561,0.6105822920799255
176,0.7554529905319214,0.9292742013931274,0.835824191570282,0.857574999332428,0.9492531418800354,0.9642435312271118,0.14504451304674149,0.11227194964885712,0.24725769087672234,0.14504451304674149,0.12615637201815844,0.40895210951566696,0.5552531778812408,0.40248045325279236,0.12105422466993332,0.6101658046245575
177,0.7280286550521851,0.9295539855957031,0.807377278804779,0.8281749486923218,0.9488385915756226,0.9644099473953247,0.14610883966088295,0.112656369805336,0.24866458401083946,0.14610883966088295,0.12343551404774189,0.3989324979484081,0.5553025901317596,0.40252716839313507,0.12110719829797745,0.6104541718959808
178,0.7525272965431213,0.928576648235321,0.8335264921188354,0.8567776083946228,0.9480403661727905,0.9639040231704712,0.14408447220921516,0.11312349140644073,0.24615032225847244,0.14408447220921516,0.12359289545565844,0.4009941294789314,0.5553885698318481,0.4026147872209549,0.12124715372920036,0.6110244691371918
179,0.7373061776161194,0.9296029210090637,0.8161991834640503,0.8342916369438171,0.9491493701934814,0.9644229412078857,0.14320720359683037,0.11214795708656311,0.24441728368401527,0.14320720359683037,0.12170954793691635,0.39596133306622505,0.5552309453487396,0.4024593383073807,0.12102212011814117,0.6100053787231445
180,0.755760908126831,0.9294077754020691,0.8368279933929443,0.8547373414039612,0.9497684240341187,0.9642895460128784,0.13628225773572922,0.11275467276573181,0.2340116873383522,0.13628225773572922,0.1033904105424881,0.3431449346244335,0.5553095936775208,0.40252654254436493,0.12115676328539848,0.6106535196304321
181,0.7502774000167847,0.9280545115470886,0.8273354172706604,0.8477984070777893,0.9504340887069702,0.9635337591171265,0.14205247536301613,0.1133711040019989,0.24257300049066544,0.14205247536301613,0.1180269755423069,0.3812716770917177,0.5553878545761108,0.4025940001010895,0.1213328130543232,0.6114521026611328
182,0.7138645052909851,0.9281883239746094,0.792529284954071,0.8217903971672058,0.9498748183250427,0.963626503944397,0.14887592196464539,0.11269329488277435,0.2530313581228256,0.14887592196464539,0.13680720794945955,0.43568260595202446,0.5553054511547089,0.40251876413822174,0.12119197845458984,0.6108225286006927
183,0.719247043132782,0.9276038408279419,0.801444947719574,0.8481675386428833,0.948379635810852,0.96339350938797,0.14353178814053535,0.11350907385349274,0.24477386102080345,0.14353178814053535,0.11857492662966251,0.38637685775756836,0.5554634928703308,0.4027065336704254,0.1213362105190754,0.6114778816699982
184,0.7313091158866882,0.9282568693161011,0.8118250370025635,0.8611005544662476,0.9464802742004395,0.9638220071792603,0.14303676784038544,0.11307871341705322,0.244173776358366,0.14303676784038544,0.12185915000736713,0.39469674602150917,0.5554310083389282,0.4027026444673538,0.12122136354446411,0.6108959913253784
185,0.7406015992164612,0.9285076856613159,0.8225895166397095,0.847192645072937,0.9492678046226501,0.9638234972953796,0.14488575235009193,0.11202073097229004,0.2473975010216236,0.14488575235009193,0.12719099689275026,0.41218116134405136,0.5552180111408234,0.4024420380592346,0.12104642018675804,0.6100946366786957
186,0.7318426966667175,0.9276873469352722,0.8120744228363037,0.8446579575538635,0.9502389430999756,0.9633398652076721,0.1395663246512413,0.11314207315444946,0.2387540191411972,0.1395663246512413,0.11280983127653599,0.36632345616817474,0.5553754270076752,0.4025788903236389,0.1213020496070385,0.6112895011901855
187,0.7379893064498901,0.9282174110412598,0.8201415538787842,0.8579511642456055,0.9483842253684998,0.9637330770492554,0.1429496482014656,0.11276747286319733,0.24424079060554504,0.1429496482014656,0.11977656651288271,0.390523973852396,0.5553678870201111,0.4026233106851578,0.12116139754652977,0.6106530427932739
188,0.7423116564750671,0.9288922548294067,0.8176007866859436,0.8380113840103149,0.9495723247528076,0.964019775390625,0.14510374516248703,0.11248147487640381,0.24718158692121506,0.14510374516248703,0.12496246211230755,0.40176164358854294,0.5552743673324585,0.4024917632341385,0.1211024597287178,0.6104030013084412
189,0.736192524433136,0.9293787479400635,0.8169416785240173,0.8438642024993896,0.9483182430267334,0.9643324613571167,0.14027978107333183,0.11216920614242554,0.2404060810804367,0.14027978107333183,0.11809135042130947,0.3843770958483219,0.5552412271499634,0.4024748057126999,0.1210072673857212,0.6099227666854858
190,0.7285322546958923,0.9277250170707703,0.8104385733604431,0.8471429347991943,0.9486641883850098,0.9634540677070618,0.13925747573375702,0.11337471008300781,0.238579910248518,0.13925747573375702,0.11204755119979382,0.36466769501566887,0.5554515421390533,0.4027052968740463,0.12130224332213402,0.611320286989212
191,0.7307847738265991,0.9274651408195496,0.8107149004936218,0.8312750458717346,0.9508264660835266,0.963193416595459,0.15053634345531464,0.1129935085773468,0.2559719979763031,0.15053634345531464,0.13750581350177526,0.4442378245294094,0.5553320646286011,0.4025348871946335,0.12128573283553123,0.6112453043460846
192,0.7423878312110901,0.9284043908119202,0.8209178447723389,0.8431345224380493,0.9492142200469971,0.9637675881385803,0.14267665520310402,0.11273907124996185,0.24344923719763756,0.14267665520310402,0.1193748451769352,0.3850232772529125,0.5553152561187744,0.402534157037735,0.12118054181337357,0.6107473373413086
193,0.7344745993614197,0.9284642338752747,0.8155824542045593,0.8293429017066956,0.951315701007843,0.9637207984924316,0.14625056087970734,0.11252500116825104,0.24961785227060318,0.14625056087970734,0.1292774546891451,0.4203966595232487,0.5552559494972229,0.40246187150478363,0.12115184962749481,0.6106500625610352
194,0.7446267604827881,0.9283294677734375,0.8231025338172913,0.8450674414634705,0.9517531991004944,0.9636273384094238,0.14539868384599686,0.11274172365665436,0.24748215824365616,0.14539868384599686,0.12292605824768543,0.397363044321537,0.5552898943424225,0.4024858623743057,0.1212170161306858,0.6109844148159027
195,0.7363317012786865,0.9273055195808411,0.8158791065216064,0.8470219373703003,0.9518510699272156,0.9630662202835083,0.1414051577448845,0.11334165930747986,0.24068883806467056,0.1414051577448845,0.11080873943865299,0.35825175419449806,0.5553823709487915,0.40257027745246887,0.12135732546448708,0.6116715669631958
196,0.7419383525848389,0.9277045726776123,0.8205379843711853,0.832159161567688,0.9510288834571838,0.9633153080940247,0.1438034325838089,0.11348585784435272,0.24526482820510864,0.1438034325838089,0.12089703418314457,0.3908291608095169,0.5554087162017822,0.4026016443967819,0.12137375771999359,0.6116967499256134
197,0.735101580619812,0.9279648661613464,0.8137862086296082,0.8514615297317505,0.9513255953788757,0.9634441137313843,0.1513161025941372,0.11324530839920044,0.2567933611571789,0.1513161025941372,0.13666401244699955,0.44078563526272774,0.5553670227527618,0.4025636911392212,0.12131962552666664,0.6114555895328522
198,0.7272425293922424,0.9279066324234009,0.8058775067329407,0.8301829099655151,0.9500733017921448,0.9634662866592407,0.14139026775956154,0.11283433437347412,0.24171879887580872,0.14139026775956154,0.11493481788784266,0.3752320110797882,0.5553189814090729,0.40252892673015594,0.1212078183889389,0.610935777425766
199,0.752450704574585,0.928332507610321,0.8332992792129517,0.8496447205543518,0.9502952694892883,0.9636871218681335,0.1453220136463642,0.11297321319580078,0.2469722516834736,0.1453220136463642,0.12032073736190796,0.389045774936676,0.5553385615348816,0.40254680812358856,0.12123643606901169,0.6110660135746002
